row_id,r2_increment,r2_with,r2_without,r2adj_increment,r2adj_with,r2adj_without,x,n_reg_with,supple
1,0.08787677976994512,0.4663044142003073,0.3784276344303622,0.08771883629619093,0.46591078362115723,0.3781919473249663,panel,7,age_group;domain_name;gender_group;sample_size;scale_type;time_diff_mean
2,0.1120320730661919,0.4363348033497376,0.3243027302835457,0.11185608400390046,0.43600226451772384,0.3241461805138234,panel,6,domain_name;gender_group;sample_size;scale_type;time_diff_mean
3,0.08796304351185069,0.46619922559785487,0.3782361820860042,0.08780324946278606,0.4658167743002113,0.37801352483742523,panel,6,age_group;domain_name;sample_size;scale_type;time_diff_mean
4,0.112069536520091,0.4363151540048279,0.3242456174847369,0.11189119665713143,0.4359944871378212,0.32410329048068975,panel,5,domain_name;sample_size;scale_type;time_diff_mean
5,0.08830235490311467,0.4662004949145346,0.3778981400114199,0.08814268281831317,0.46581804452631614,0.377675361708003,panel,6,age_group;domain_name;gender_group;scale_type;time_diff_mean
6,0.10951484846488696,0.4336497762320724,0.32413492776718544,0.10933501564547765,0.4333275930952105,0.32399257744973287,panel,5,domain_name;gender_group;scale_type;time_diff_mean
7,0.08833893345816568,0.4661402170004504,0.3778012835422847,0.08817739944121561,0.465768981058968,0.3775915816177524,panel,5,age_group;domain_name;scale_type;time_diff_mean
8,0.10955887323897595,0.4335979182089147,0.32403904496993874,0.10937673170232098,0.4332876459099331,0.3239109142076121,panel,4,domain_name;scale_type;time_diff_mean
9,0.10377671881185152,0.3573715433832691,0.2535948245714176,0.10357052678689438,0.3569924195387385,0.2534218927518441,panel,6,age_group;gender_group;sample_size;scale_type;time_diff_mean
10,0.17906780102117495,0.32256656851427656,0.14349876749310161,0.17884025143687332,0.32226686972643637,0.14342661828956305,panel,5,gender_group;sample_size;scale_type;time_diff_mean
11,0.10385072079225421,0.3571546720608169,0.2533039512685627,0.10364229011223869,0.35678897268332843,0.25314668257108974,panel,5,age_group;sample_size;scale_type;time_diff_mean
12,0.17920568263435044,0.32256472124311253,0.1433590386087621,0.17897438004268007,0.32227929906073804,0.14330491901805797,panel,4,sample_size;scale_type;time_diff_mean
13,0.10416387675378419,0.35713039852051004,0.25296652176672585,0.10395550333434034,0.3567646853343833,0.252809182000043,panel,5,age_group;gender_group;scale_type;time_diff_mean
14,0.1765373920258595,0.3197708261733511,0.14323343414749162,0.17630492022432775,0.3194842268458631,0.14317930662153533,panel,4,gender_group;scale_type;time_diff_mean
15,0.1042063107955416,0.35701020600342515,0.25280389520788354,0.10399571775522476,0.35665797932909127,0.2526622615738665,panel,4,age_group;scale_type;time_diff_mean
16,0.17664338099969962,0.3196622421235926,0.143018861123893,0.17640716720766458,0.31938993503701896,0.14298276782935437,panel,3,scale_type;time_diff_mean
17,0.08909189354945635,0.4633139051845805,0.37422201163512414,0.08893146975781774,0.4629293866465186,0.3739979168887009,panel,6,age_group;domain_name;gender_group;sample_size;time_diff_mean
18,0.11339868902436528,0.4340450549511163,0.320646365926751,0.11321981582850571,0.43372309667889175,0.32050328085038604,panel,5,domain_name;gender_group;sample_size;time_diff_mean
19,0.08922473030470385,0.4632223757778242,0.37399764547312037,0.08906244923059636,0.4628491108250399,0.3737866615944435,panel,5,age_group;domain_name;sample_size;time_diff_mean
20,0.11344887417764854,0.4340224195250514,0.32057354534740284,0.11326762207831453,0.4337123797658211,0.3204447576875066,panel,4,domain_name;sample_size;time_diff_mean
21,0.08971060118499447,0.4632597854483652,0.37354918426337075,0.08954849727139358,0.4628865465095544,0.37333804923816083,panel,5,age_group;domain_name;gender_group;time_diff_mean
22,0.11062437468876352,0.43116170637043716,0.32053733168167364,0.11044156236913727,0.4308500995264878,0.3204085371573505,panel,4,domain_name;gender_group;time_diff_mean
23,0.08975870078251341,0.46319807158604387,0.37343937080353046,0.08959470774134504,0.4628361089312354,0.37324140118989035,panel,4,age_group;domain_name;time_diff_mean
24,0.11067860555067183,0.4311085778951214,0.3204299723444496,0.11049346161366136,0.4308089342588366,0.32031547264517524,panel,3,domain_name;time_diff_mean
25,0.10448564867124516,0.3572416849687381,0.25275603629749294,0.10427738289233768,0.3568760350908179,0.2525986521984802,panel,5,age_group;gender_group;sample_size;time_diff_mean
26,0.18199409799951896,0.322202421296597,0.14020832329707802,0.18176284181209423,0.3219168464672544,0.14015400465516015,panel,4,gender_group;sample_size;time_diff_mean
27,0.10453920228929936,0.3570223902585486,0.25248318796924923,0.10432867671463619,0.3566701702586902,0.252341493544054,panel,4,age_group;sample_size;time_diff_mean
28,0.18211133312666916,0.3222008474020996,0.14008951427543043,0.1818762587931685,0.3219295563993746,0.1400532976062061,panel,3,sample_size;time_diff_mean
29,0.10477816736458995,0.35699005596197203,0.2522118885973821,0.10456767550310142,0.35663781824954377,0.25207014274644235,panel,4,age_group;gender_group;time_diff_mean
30,0.1796368543978788,0.3194585169485025,0.13982166255062373,0.17940069372001421,0.31918612832035886,0.13978543460034465,panel,3,gender_group;time_diff_mean
31,0.10481540832764802,0.35687000892950693,0.2520546006018589,0.10460268228424063,0.3565312627265581,0.2519285804423175,panel,3,age_group;time_diff_mean
32,0.17973158547617885,0.3193500687491505,0.13961848327297166,0.1794916152785927,0.31909198067932865,0.13960036540073595,panel,2,time_diff_mean
33,0.15829162228221855,0.45055061378658723,0.2922589915043687,0.15815140543316308,0.4501569507556894,0.2920055453225263,panel,6,age_group;domain_name;gender_group;sample_size;scale_type
34,0.23933671025027423,0.42323173377731294,0.1838950235270387,0.23918048810388526,0.42290362406453186,0.1837231359606466,panel,5,domain_name;gender_group;sample_size;scale_type
35,0.15904669214805528,0.4505503146046875,0.2915036224566322,0.15890340242791912,0.45016823774152903,0.2912648353136099,panel,5,age_group;domain_name;sample_size;scale_type
36,0.23986136620274806,0.4231266513755862,0.18326528517283813,0.23970017271551713,0.42281064296768467,0.18311047025216753,panel,4,domain_name;sample_size;scale_type
37,0.16413791956652313,0.4495920326799476,0.28545411311342445,0.16399600236376877,0.449209289445761,0.28521328708199223,panel,5,age_group;domain_name;gender_group;scale_type
38,0.23766945370422088,0.4167088027263497,0.1790393490221288,0.2375055455917614,0.4163892786522475,0.1788837330604861,panel,4,domain_name;gender_group;scale_type
39,0.16425256911561903,0.4495313370981407,0.28527876798252166,0.1641072161064009,0.4491601590377311,0.2850529429313302,panel,4,age_group;domain_name;scale_type
40,0.23782275304840572,0.4166551760350922,0.1788324229866865,0.23765385383939963,0.41634791957547823,0.1786940657360786,panel,3,domain_name;scale_type
41,0.15311283752759378,0.3434901980938558,0.190377360566262,0.15290988701696318,0.34311672532297666,0.19020683830601348,panel,5,age_group;gender_group;sample_size;scale_type
42,0.30445732516747676,0.31214336993353625,0.007686044766059504,0.30423020311979176,0.3118535569481916,0.007623353828399848,panel,4,gender_group;sample_size;scale_type
43,0.15387282296906066,0.3434630840126107,0.18959026104355006,0.15366679124672844,0.34310343629089757,0.18943664504416913,panel,4,age_group;sample_size;scale_type
44,0.30525670561315715,0.3121047018393218,0.0068479962261646715,0.30502320197423005,0.3118293698261545,0.0068061678519244495,panel,3,sample_size;scale_type
45,0.15828411557460886,0.3430638727403247,0.18477975716571582,0.15807877701411654,0.3427040063326229,0.18462522931850633,panel,4,age_group;gender_group;scale_type
46,0.3024638710296221,0.30621248516832567,0.0037486141387035733,0.30222813955055006,0.3059347947789892,0.0037066552284391596,panel,3,gender_group;scale_type
47,0.15839697015963008,0.3429457594987071,0.184548789339077,0.15818828395477813,0.3425996791849423,0.18441139523016414,panel,3,age_group;scale_type
48,0.3027322740910003,0.3061037523244765,0.0033714782334762277,0.30249015025298076,0.30584064153139956,0.003350491278418799,panel,2,scale_type
49,0.17708172617928442,0.44734454568597276,0.27026281950668835,0.17694336609443495,0.44696023959206765,0.2700168734976327,panel,5,age_group;domain_name;gender_group;sample_size
50,0.2651340973783586,0.4206845033058512,0.15555040592749267,0.26497681954657937,0.4203671571011435,0.1553903375545641,panel,4,domain_name;gender_group;sample_size
51,0.1781108701814908,0.4473427519646426,0.2692318817831518,0.17796911163410345,0.4469700981530421,0.26900098651893867,panel,4,age_group;domain_name;sample_size
52,0.2659296371147092,0.4205710218206749,0.15464138470596575,0.26576687635084884,0.4202658278957111,0.15449895154486226,panel,3,domain_name;sample_size
53,0.18555362747084564,0.44615985212128034,0.2606062246504347,0.1854137966839674,0.44578640068667397,0.26037260400270656,panel,4,age_group;domain_name;gender_group
54,0.26599576148313,0.41377540958274694,0.14777964809961697,0.26583057749183014,0.4134666363069921,0.14763605881516195,panel,3,domain_name;gender_group
55,0.18572685075040501,0.44609759182842507,0.26037074107802005,0.1855831474145755,0.4457357777053411,0.26015263029076563,panel,3,age_group;domain_name
56,0.2662221578375764,0.41372035419916525,0.14749819636158884,0.2660513933706058,0.41342391026154335,0.14737251689093755,panel,2,domain_name
57,0.15530694934976955,0.3434107499711976,0.18810380062142804,0.15510117072287455,0.3430510735811517,0.18794990285827717,panel,4,age_group;gender_group;sample_size
58,0.306627323354042,0.3118658695109471,0.00523854615690503,0.30639379190667937,0.3115904419044737,0.005196649997794345,panel,3,gender_group;sample_size
59,0.15615806858082343,0.34338280078648226,0.18722473220565883,0.15594916170670592,0.3430369506689125,0.18708778896220657,panel,3,age_group;sample_size
60,0.30751875296123327,0.31182855956888456,0.004309806607651268,0.30727878008986576,0.31156761950173284,0.004288839411867085,panel,2,sample_size
61,0.16153627198422613,0.3429972779833876,0.18146100599916146,0.16132813317075478,0.34265122480518073,0.18132309163442595,panel,3,age_group;gender_group
62,0.3056098264196989,0.3060125154774886,4.026890577896906e-4,0.30536773050321364,0.30574937008932745,3.816395861138133e-4,panel,2,gender_group
63,0.16166930213580188,0.34287925970535443,0.18120995756955255,0.1614577479478274,0.34254699597909144,0.18108924803126403,panel,2,age_group
64,0.30590389201648277,0.30590389201648277,0,0.3056553321530744,0.3056553321530744,0,panel,1,
65,0.029969610850569706,0.4663044142003073,0.4363348033497376,0.029908519103433395,0.46591078362115723,0.43600226451772384,age_group,7,domain_name;gender_group;panel;sample_size;scale_type;time_diff_mean
66,0.05412490414681648,0.3784276344303622,0.3243027302835457,0.054045766811142926,0.3781919473249663,0.3241461805138234,age_group,6,domain_name;gender_group;sample_size;scale_type;time_diff_mean
67,0.029884071593026973,0.46619922559785487,0.4363151540048279,0.029822287162390104,0.4658167743002113,0.4359944871378212,age_group,6,domain_name;panel;sample_size;scale_type;time_diff_mean
68,0.05399056460126728,0.3782361820860042,0.3242456174847369,0.053910234356735476,0.37801352483742523,0.32410329048068975,age_group,5,domain_name;sample_size;scale_type;time_diff_mean
69,0.032550718682462176,0.4662004949145346,0.4336497762320724,0.03249045143110563,0.46581804452631614,0.4333275930952105,age_group,6,domain_name;gender_group;panel;scale_type;time_diff_mean
70,0.05376321224423447,0.3778981400114199,0.32413492776718544,0.05368278425827011,0.377675361708003,0.32399257744973287,age_group,5,domain_name;gender_group;scale_type;time_diff_mean
71,0.032542298791535695,0.4661402170004504,0.4335979182089147,0.03248133514903495,0.465768981058968,0.4332876459099331,age_group,5,domain_name;panel;scale_type;time_diff_mean
72,0.053762238572345966,0.3778012835422847,0.32403904496993874,0.053680667410140326,0.3775915816177524,0.3239109142076121,age_group,4,domain_name;scale_type;time_diff_mean
73,0.03480497486899253,0.3573715433832691,0.32256656851427656,0.03472554981230214,0.3569924195387385,0.32226686972643637,age_group,6,gender_group;panel;sample_size;scale_type;time_diff_mean
74,0.11009605707831596,0.2535948245714176,0.14349876749310161,0.10999527446228108,0.2534218927518441,0.14342661828956305,age_group,5,gender_group;sample_size;scale_type;time_diff_mean
75,0.034589950817704385,0.3571546720608169,0.32256472124311253,0.03450967362259039,0.35678897268332843,0.32227929906073804,age_group,5,panel;sample_size;scale_type;time_diff_mean
76,0.10994491265980061,0.2533039512685627,0.1433590386087621,0.10984176355303177,0.25314668257108974,0.14330491901805797,age_group,4,sample_size;scale_type;time_diff_mean
77,0.03735957234715892,0.35713039852051004,0.3197708261733511,0.03728045848852024,0.3567646853343833,0.3194842268458631,age_group,5,gender_group;panel;scale_type;time_diff_mean
78,0.10973308761923423,0.25296652176672585,0.14323343414749162,0.10962987537850766,0.252809182000043,0.14317930662153533,age_group,4,gender_group;scale_type;time_diff_mean
79,0.037347963879832524,0.35701020600342515,0.3196622421235926,0.03726804429207231,0.35665797932909127,0.31938993503701896,age_group,4,panel;scale_type;time_diff_mean
80,0.10978503408399054,0.25280389520788354,0.143018861123893,0.10967949374451214,0.2526622615738665,0.14298276782935437,age_group,3,scale_type;time_diff_mean
81,0.029268850233464205,0.4633139051845805,0.4340450549511163,0.029206289967626864,0.4629293866465186,0.43372309667889175,age_group,6,domain_name;gender_group;panel;sample_size;time_diff_mean
82,0.05357564570837314,0.37422201163512414,0.320646365926751,0.053494636038314836,0.3739979168887009,0.32050328085038604,age_group,5,domain_name;gender_group;sample_size;time_diff_mean
83,0.02919995625277283,0.4632223757778242,0.4340224195250514,0.029136731059218768,0.4628491108250399,0.4337123797658211,age_group,5,domain_name;panel;sample_size;time_diff_mean
84,0.05342410012571752,0.37399764547312037,0.32057354534740284,0.05334190390693694,0.3737866615944435,0.3204447576875066,age_group,4,domain_name;sample_size;time_diff_mean
85,0.032098079077928054,0.4632597854483652,0.43116170637043716,0.032036446983066624,0.4628865465095544,0.4308500995264878,age_group,5,domain_name;gender_group;panel;time_diff_mean
86,0.053011852581697105,0.37354918426337075,0.32053733168167364,0.052929512080810315,0.37333804923816083,0.3204085371573505,age_group,4,domain_name;gender_group;time_diff_mean
87,0.032089493690922455,0.46319807158604387,0.4311085778951214,0.032027174672398795,0.4628361089312354,0.4308089342588366,age_group,4,domain_name;panel;time_diff_mean
88,0.05300939845908087,0.37343937080353046,0.3204299723444496,0.05292592854471512,0.37324140118989035,0.32031547264517524,age_group,3,domain_name;time_diff_mean
89,0.03503926367214111,0.3572416849687381,0.322202421296597,0.03495918862356351,0.3568760350908179,0.3219168464672544,age_group,5,gender_group;panel;sample_size;time_diff_mean
90,0.11254771300041491,0.25275603629749294,0.14020832329707802,0.11244464754332006,0.2525986521984802,0.14015400465516015,age_group,4,gender_group;sample_size;time_diff_mean
91,0.034821542856449006,0.3570223902585486,0.3222008474020996,0.034740613859315594,0.3566701702586902,0.3219295563993746,age_group,4,panel;sample_size;time_diff_mean
92,0.11239367369381881,0.25248318796924923,0.14008951427543043,0.11228819593784789,0.252341493544054,0.1400532976062061,age_group,3,sample_size;time_diff_mean
93,0.037531539013469506,0.35699005596197203,0.3194585169485025,0.037451689929184906,0.35663781824954377,0.31918612832035886,age_group,4,gender_group;panel;time_diff_mean
94,0.11239022604675836,0.2522118885973821,0.13982166255062373,0.1122847081460977,0.25207014274644235,0.13978543460034465,age_group,3,gender_group;time_diff_mean
95,0.037519940180356426,0.35687000892950693,0.3193500687491505,0.03743928204722946,0.3565312627265581,0.31909198067932865,age_group,3,panel;time_diff_mean
96,0.11243611732888725,0.2520546006018589,0.13961848327297166,0.11232821504158153,0.2519285804423175,0.13960036540073595,age_group,2,time_diff_mean
97,0.027318880009274293,0.45055061378658723,0.42323173377731294,0.027253326691157542,0.4501569507556894,0.42290362406453186,age_group,6,domain_name;gender_group;panel;sample_size;scale_type
98,0.10836396797732997,0.2922589915043687,0.1838950235270387,0.10828240936187972,0.2920055453225263,0.1837231359606466,age_group,5,domain_name;gender_group;sample_size;scale_type
99,0.02742366322910128,0.4505503146046875,0.4231266513755862,0.027357594773844363,0.45016823774152903,0.42281064296768467,age_group,5,domain_name;panel;sample_size;scale_type
100,0.10823833728379406,0.2915036224566322,0.18326528517283813,0.10815436506144238,0.2912648353136099,0.18311047025216753,age_group,4,domain_name;sample_size;scale_type
101,0.03288322995359788,0.4495920326799476,0.4167088027263497,0.03282001079351349,0.449209289445761,0.4163892786522475,age_group,5,domain_name;gender_group;panel;scale_type
102,0.10641476409129563,0.28545411311342445,0.1790393490221288,0.10632955402150612,0.28521328708199223,0.1788837330604861,age_group,4,domain_name;gender_group;scale_type
103,0.03287616106304847,0.4495313370981407,0.4166551760350922,0.03281223946225287,0.4491601590377311,0.41634791957547823,age_group,4,domain_name;panel;scale_type
104,0.10644634499583516,0.28527876798252166,0.1788324229866865,0.10635887719525161,0.2850529429313302,0.1786940657360786,age_group,3,domain_name;scale_type
105,0.03134682816031953,0.3434901980938558,0.31214336993353625,0.031263168374785044,0.34311672532297666,0.3118535569481916,age_group,5,gender_group;panel;sample_size;scale_type
106,0.1826913158002025,0.190377360566262,0.007686044766059504,0.18258348447761363,0.19020683830601348,0.007623353828399848,age_group,4,gender_group;sample_size;scale_type
107,0.0313583821732889,0.3434630840126107,0.3121047018393218,0.03127406646474307,0.34310343629089757,0.3118293698261545,age_group,4,panel;sample_size;scale_type
108,0.1827422648173854,0.18959026104355006,0.0068479962261646715,0.18263047719224468,0.18943664504416913,0.0068061678519244495,age_group,3,sample_size;scale_type
109,0.03685138757199902,0.3430638727403247,0.30621248516832567,0.03676921155363366,0.3427040063326229,0.3059347947789892,age_group,4,gender_group;panel;scale_type
110,0.18103114302701226,0.18477975716571582,0.0037486141387035733,0.18091857409006717,0.18462522931850633,0.0037066552284391596,age_group,3,gender_group;scale_type
111,0.036842007174230584,0.3429457594987071,0.3061037523244765,0.036759037653542714,0.3425996791849423,0.30584064153139956,age_group,3,panel;scale_type
112,0.18117731110560079,0.184548789339077,0.0033714782334762277,0.18106090395174534,0.18441139523016414,0.003350491278418799,age_group,2,scale_type
113,0.02666004238012154,0.44734454568597276,0.4206845033058512,0.02659308249092418,0.44696023959206765,0.4203671571011435,age_group,5,domain_name;gender_group;panel;sample_size
114,0.11471241357919568,0.27026281950668835,0.15555040592749267,0.1146265359430686,0.2700168734976327,0.1553903375545641,age_group,4,domain_name;gender_group;sample_size
115,0.02677173014396772,0.4473427519646426,0.4205710218206749,0.02670427025733102,0.4469700981530421,0.4202658278957111,age_group,4,domain_name;panel;sample_size
116,0.11459049707718608,0.2692318817831518,0.15464138470596575,0.1145020349740764,0.26900098651893867,0.15449895154486226,age_group,3,domain_name;sample_size
117,0.0323844425385334,0.44615985212128034,0.41377540958274694,0.03231976437968187,0.44578640068667397,0.4134666363069921,age_group,4,domain_name;gender_group;panel
118,0.11282657655081774,0.2606062246504347,0.14777964809961697,0.11273654518754461,0.26037260400270656,0.14763605881516195,age_group,3,domain_name;gender_group
119,0.032377237629259814,0.44609759182842507,0.41372035419916525,0.03231186744379777,0.4457357777053411,0.41342391026154335,age_group,3,domain_name;panel
120,0.11287254471643121,0.26037074107802005,0.14749819636158884,0.11278011339982807,0.26015263029076563,0.14737251689093755,age_group,2,domain_name
121,0.0315448804602505,0.3434107499711976,0.3118658695109471,0.03146063167667801,0.3430510735811517,0.3115904419044737,age_group,4,gender_group;panel;sample_size
122,0.182865254464523,0.18810380062142804,0.00523854615690503,0.18275325286048283,0.18794990285827717,0.005196649997794345,age_group,3,gender_group;sample_size
123,0.0315542412175977,0.34338280078648226,0.31182855956888456,0.03146933116717965,0.3430369506689125,0.31156761950173284,age_group,3,panel;sample_size
124,0.18291492559800757,0.18722473220565883,0.004309806607651268,0.18279894955033948,0.18708778896220657,0.004288839411867085,age_group,2,sample_size
125,0.036984762505898994,0.3429972779833876,0.3060125154774886,0.03690185471585328,0.34265122480518073,0.30574937008932745,age_group,3,gender_group;panel
126,0.18105831694137176,0.18146100599916146,4.026890577896906e-4,0.18094145204831213,0.18132309163442595,3.816395861138133e-4,age_group,2,gender_group
127,0.03697536768887166,0.34287925970535443,0.30590389201648277,0.03689166382601705,0.34254699597909144,0.3056553321530744,age_group,2,panel
128,0.18120995756955255,0.18120995756955255,0,0.18108924803126403,0.18108924803126403,0,age_group,1,
129,1.051886024524551e-4,0.4663044142003073,0.46619922559785487,9.40093209459425e-5,0.46591078362115723,0.4658167743002113,gender_group,7,age_group;domain_name;panel;sample_size;scale_type;time_diff_mean
130,1.9145234435802294e-4,0.3784276344303622,0.3782361820860042,1.7842248754107448e-4,0.3781919473249663,0.37801352483742523,gender_group,6,age_group;domain_name;sample_size;scale_type;time_diff_mean
131,1.9649344909722366e-5,0.4363348033497376,0.4363151540048279,7.777379902651482e-6,0.43600226451772384,0.4359944871378212,gender_group,6,domain_name;panel;sample_size;scale_type;time_diff_mean
132,5.7112798808822696e-5,0.3243027302835457,0.3242456174847369,4.2890033133624605e-5,0.3241461805138234,0.32410329048068975,gender_group,5,domain_name;sample_size;scale_type;time_diff_mean
133,6.0277914084194695e-5,0.4662004949145346,0.4661402170004504,4.9063467348120504e-5,0.46581804452631614,0.465768981058968,gender_group,6,age_group;domain_name;panel;scale_type;time_diff_mean
134,9.685646913520918e-5,0.3778981400114199,0.3778012835422847,8.378009025056254e-5,0.377675361708003,0.3775915816177524,gender_group,5,age_group;domain_name;scale_type;time_diff_mean
135,5.1858023157713706e-5,0.4336497762320724,0.4335979182089147,3.9947185277444675e-5,0.4333275930952105,0.4332876459099331,gender_group,5,domain_name;panel;scale_type;time_diff_mean
136,9.588279724670468e-5,0.32413492776718544,0.32403904496993874,8.166324212077747e-5,0.32399257744973287,0.3239109142076121,gender_group,4,domain_name;scale_type;time_diff_mean
137,2.1687132245218343e-4,0.3573715433832691,0.3571546720608169,2.0344685541007212e-4,0.3569924195387385,0.35678897268332843,gender_group,6,age_group;panel;sample_size;scale_type;time_diff_mean
138,2.908733028548771e-4,0.2535948245714176,0.2533039512685627,2.7521018075438164e-4,0.2534218927518441,0.25314668257108974,gender_group,5,age_group;sample_size;scale_type;time_diff_mean
139,1.847271164034936e-6,0.32256656851427656,0.32256472124311253,-1.2429334301677919e-5,0.32226686972643637,0.32227929906073804,gender_group,5,panel;sample_size;scale_type;time_diff_mean
140,1.397288843395239e-4,0.14349876749310161,0.1433590386087621,1.2169927150507132e-4,0.14342661828956305,0.14330491901805797,gender_group,4,sample_size;scale_type;time_diff_mean
141,1.2019251708489387e-4,0.35713039852051004,0.35701020600342515,1.0670600529205654e-4,0.3567646853343833,0.35665797932909127,gender_group,5,age_group;panel;scale_type;time_diff_mean
142,1.6262655884230481e-4,0.25296652176672585,0.25280389520788354,1.4692042617647783e-4,0.252809182000043,0.2526622615738665,gender_group,4,age_group;scale_type;time_diff_mean
143,1.0858404975849778e-4,0.3197708261733511,0.3196622421235926,9.429180884412691e-5,0.3194842268458631,0.31938993503701896,gender_group,4,panel;scale_type;time_diff_mean
144,2.1457302359861874e-4,0.14323343414749162,0.143018861123893,1.9653879218095582e-4,0.14317930662153533,0.14298276782935437,gender_group,3,scale_type;time_diff_mean
145,9.152940675627441e-5,0.4633139051845805,0.4632223757778242,8.027582147873691e-5,0.4629293866465186,0.4628491108250399,gender_group,6,age_group;domain_name;panel;sample_size;time_diff_mean
146,2.2436616200377513e-4,0.37422201163512414,0.37399764547312037,2.11255294257362e-4,0.3739979168887009,0.3737866615944435,gender_group,5,age_group;domain_name;sample_size;time_diff_mean
147,2.2635426064898656e-5,0.4340450549511163,0.4340224195250514,1.0716913070640821e-5,0.43372309667889175,0.4337123797658211,gender_group,5,domain_name;panel;sample_size;time_diff_mean
148,7.2820579348154e-5,0.320646365926751,0.32057354534740284,5.8523162879464685e-5,0.32050328085038604,0.3204447576875066,gender_group,4,domain_name;sample_size;time_diff_mean
149,6.171386232134424e-5,0.4632597854483652,0.46319807158604387,5.043757831901807e-5,0.4628865465095544,0.4628361089312354,gender_group,5,age_group;domain_name;panel;time_diff_mean
150,1.0981345984029112e-4,0.37354918426337075,0.37343937080353046,9.664804827047568e-5,0.37333804923816083,0.37324140118989035,gender_group,4,age_group;domain_name;time_diff_mean
151,5.3128475315744605e-5,0.43116170637043716,0.4311085778951214,4.1165267651188664e-5,0.4308500995264878,0.4308089342588366,gender_group,4,domain_name;panel;time_diff_mean
152,1.0735933722405555e-4,0.32053733168167364,0.3204299723444496,9.306451217527822e-5,0.3204085371573505,0.32031547264517524,gender_group,3,domain_name;time_diff_mean
153,2.192947101894993e-4,0.3572416849687381,0.3570223902585486,2.0586483212770013e-4,0.3568760350908179,0.3566701702586902,gender_group,5,age_group;panel;sample_size;time_diff_mean
154,2.728483282437022e-4,0.25275603629749294,0.25248318796924923,2.57158654426215e-4,0.2525986521984802,0.252341493544054,gender_group,4,age_group;sample_size;time_diff_mean
155,1.5738944973975322e-6,0.322202421296597,0.3222008474020996,-1.2709932120213985e-5,0.3219168464672544,0.3219295563993746,gender_group,4,panel;sample_size;time_diff_mean
156,1.1880902164759788e-4,0.14020832329707802,0.14008951427543043,1.007070489540407e-4,0.14015400465516015,0.1400532976062061,gender_group,3,sample_size;time_diff_mean
157,1.2004703246509818e-4,0.35699005596197203,0.35687000892950693,1.0655552298566295e-4,0.35663781824954377,0.3565312627265581,gender_group,4,age_group;panel;time_diff_mean
158,1.5728799552316985e-4,0.2522118885973821,0.2520546006018589,1.4156230412487592e-4,0.25207014274644235,0.2519285804423175,gender_group,3,age_group;time_diff_mean
159,1.084481993520181e-4,0.3194585169485025,0.3193500687491505,9.414764103021778e-5,0.31918612832035886,0.31909198067932865,gender_group,3,panel;time_diff_mean
160,2.0317927765206578e-4,0.13982166255062373,0.13961848327297166,1.850691996087006e-4,0.13978543460034465,0.13960036540073595,gender_group,2,time_diff_mean
161,2.9918189975441933e-7,0.45055061378658723,0.4505503146046875,-1.1286985839631392e-5,0.4501569507556894,0.45016823774152903,gender_group,6,age_group;domain_name;panel;sample_size;scale_type
162,7.553690477364872e-4,0.2922589915043687,0.2915036224566322,7.407100089164009e-4,0.2920055453225263,0.2912648353136099,gender_group,5,age_group;domain_name;sample_size;scale_type
163,1.0508240172674155e-4,0.42323173377731294,0.4231266513755862,9.298109684718892e-5,0.42290362406453186,0.42281064296768467,gender_group,5,domain_name;panel;sample_size;scale_type
164,6.297383542005763e-4,0.1838950235270387,0.18326528517283813,6.126657084790654e-4,0.1837231359606466,0.18311047025216753,gender_group,4,domain_name;sample_size;scale_type
165,6.069558180687995e-5,0.4495920326799476,0.4495313370981407,4.913040802989599e-5,0.449209289445761,0.4491601590377311,gender_group,5,age_group;domain_name;panel;scale_type
166,1.7534513090278203e-4,0.28545411311342445,0.28527876798252166,1.6034415066201735e-4,0.28521328708199223,0.2850529429313302,gender_group,4,age_group;domain_name;scale_type
167,5.3626691257468995e-5,0.4167088027263497,0.4166551760350922,4.135907676927619e-5,0.4163892786522475,0.41634791957547823,gender_group,4,domain_name;panel;scale_type
168,2.0692603544231192e-4,0.1790393490221288,0.1788324229866865,1.8966732440750533e-4,0.1788837330604861,0.1786940657360786,gender_group,3,domain_name;scale_type
169,2.7114081245060984e-5,0.3434901980938558,0.3434630840126107,1.3289032079089047e-5,0.34311672532297666,0.34310343629089757,gender_group,5,age_group;panel;sample_size;scale_type
170,7.870995227119426e-4,0.190377360566262,0.18959026104355006,7.701932618443541e-4,0.19020683830601348,0.18943664504416913,gender_group,4,age_group;sample_size;scale_type
171,3.866809421443351e-5,0.31214336993353625,0.3121047018393218,2.4187122037111486e-5,0.3118535569481916,0.3118293698261545,gender_group,4,panel;sample_size;scale_type
172,8.380485398948329e-4,0.007686044766059504,0.0068479962261646715,8.171859764753986e-4,0.007623353828399848,0.0068061678519244495,gender_group,3,sample_size;scale_type
173,1.1811324161759007e-4,0.3430638727403247,0.3429457594987071,1.0432714768060514e-4,0.3427040063326229,0.3425996791849423,gender_group,4,age_group;panel;scale_type
174,2.3096782663881155e-4,0.18477975716571582,0.184548789339077,2.1383408834219075e-4,0.18462522931850633,0.18441139523016414,gender_group,3,age_group;scale_type
175,1.0873284384915749e-4,0.30621248516832567,0.3061037523244765,9.415324758965671e-5,0.3059347947789892,0.30584064153139956,gender_group,3,panel;scale_type
176,3.7713590522734557e-4,0.0037486141387035733,0.0033714782334762277,3.561639500203606e-4,0.0037066552284391596,0.003350491278418799,gender_group,2,scale_type
177,1.7937213301344457e-6,0.44734454568597276,0.4473427519646426,-9.858560974462804e-6,0.44696023959206765,0.4469700981530421,gender_group,5,age_group;domain_name;panel;sample_size
178,0.001030937723536518,0.27026281950668835,0.2692318817831518,0.001015886978694036,0.2700168734976327,0.26900098651893867,gender_group,4,age_group;domain_name;sample_size
179,1.134814851763144e-4,0.4206845033058512,0.4205710218206749,1.0132920543237667e-4,0.4203671571011435,0.4202658278957111,gender_group,4,domain_name;panel;sample_size
180,9.090212215269178e-4,0.15555040592749267,0.15464138470596575,8.913860097018445e-4,0.1553903375545641,0.15449895154486226,gender_group,3,domain_name;sample_size
181,6.226029285527623e-5,0.44615985212128034,0.44609759182842507,5.062298133284848e-5,0.44578640068667397,0.4457357777053411,gender_group,4,age_group;domain_name;panel
182,2.35483572414652e-4,0.2606062246504347,0.26037074107802005,2.1997371194093507e-4,0.26037260400270656,0.26015263029076563,gender_group,3,age_group;domain_name
183,5.5055383581692485e-5,0.41377540958274694,0.41372035419916525,4.2726045448748806e-5,0.4134666363069921,0.41342391026154335,gender_group,3,domain_name;panel
184,2.8145173802812673e-4,0.14777964809961697,0.14749819636158884,2.635419242243975e-4,0.14763605881516195,0.14737251689093755,gender_group,2,domain_name
185,2.7949184715325703e-5,0.3434107499711976,0.34338280078648226,1.4122912239233898e-5,0.3430510735811517,0.3430369506689125,gender_group,4,age_group;panel;sample_size
186,8.790684157692075e-4,0.18810380062142804,0.18722473220565883,8.621138960706043e-4,0.18794990285827717,0.18708778896220657,gender_group,3,age_group;sample_size
187,3.730994206252447e-5,0.3118658695109471,0.31182855956888456,2.2822402740874104e-5,0.3115904419044737,0.31156761950173284,gender_group,3,panel;sample_size
188,9.287395492537619e-4,0.00523854615690503,0.004309806607651268,9.0781058592726e-4,0.005196649997794345,0.004288839411867085,gender_group,2,sample_size
189,1.1801827803314957e-4,0.3429972779833876,0.34287925970535443,1.0422882608929207e-4,0.34265122480518073,0.34254699597909144,gender_group,3,age_group;panel
190,2.510484296089077e-4,0.18146100599916146,0.18120995756955255,2.3384360316192065e-4,0.18132309163442595,0.18108924803126403,gender_group,2,age_group
191,1.0862346100581899e-4,0.3060125154774886,0.30590389201648277,9.403793625306633e-5,0.30574937008932745,0.3056553321530744,gender_group,2,panel
192,4.026890577896906e-4,4.026890577896906e-4,0,3.816395861138133e-4,3.816395861138133e-4,0,gender_group,1,
193,1.0391928577274667e-4,0.4663044142003073,0.4662004949145346,9.273909484108778e-5,0.46591078362115723,0.46581804452631614,sample_size,7,age_group;domain_name;gender_group;panel;scale_type;time_diff_mean
194,5.29494418942289e-4,0.3784276344303622,0.3778981400114199,5.165856169633276e-4,0.3781919473249663,0.377675361708003,sample_size,6,age_group;domain_name;gender_group;scale_type;time_diff_mean
195,0.0026850271176652174,0.4363348033497376,0.4336497762320724,0.0026746714225133195,0.43600226451772384,0.4333275930952105,sample_size,6,domain_name;gender_group;panel;scale_type;time_diff_mean
196,1.6780251636028254e-4,0.3243027302835457,0.32413492776718544,1.5360306409051283e-4,0.3241461805138234,0.32399257744973287,sample_size,5,domain_name;gender_group;scale_type;time_diff_mean
197,5.9008597404486274e-5,0.46619922559785487,0.4661402170004504,4.779324124326578e-5,0.4658167743002113,0.465768981058968,sample_size,6,age_group;domain_name;panel;scale_type;time_diff_mean
198,4.3489854371947523e-4,0.3782361820860042,0.3778012835422847,4.2194321967281567e-4,0.37801352483742523,0.3775915816177524,sample_size,5,age_group;domain_name;scale_type;time_diff_mean
199,0.0027172357959132087,0.4363151540048279,0.4335979182089147,0.0027068412278881127,0.4359944871378212,0.4332876459099331,sample_size,5,domain_name;panel;scale_type;time_diff_mean
200,2.0657251479816452e-4,0.3242456174847369,0.32403904496993874,1.923762730776657e-4,0.32410329048068975,0.3239109142076121,sample_size,4,domain_name;scale_type;time_diff_mean
201,2.4114486275905733e-4,0.3573715433832691,0.35713039852051004,2.2773420435517888e-4,0.3569924195387385,0.3567646853343833,sample_size,6,age_group;gender_group;panel;scale_type;time_diff_mean
202,6.283028046917272e-4,0.2535948245714176,0.25296652176672585,6.127107518011377e-4,0.2534218927518441,0.252809182000043,sample_size,5,age_group;gender_group;scale_type;time_diff_mean
203,0.0027957423409254445,0.32256656851427656,0.3197708261733511,0.002782642880573283,0.32226686972643637,0.3194842268458631,sample_size,5,gender_group;panel;scale_type;time_diff_mean
204,2.6533334560999156e-4,0.14349876749310161,0.14323343414749162,2.4731166802771654e-4,0.14342661828956305,0.14317930662153533,sample_size,4,gender_group;scale_type;time_diff_mean
205,1.4446605739176777e-4,0.3571546720608169,0.35701020600342515,1.309933542371633e-4,0.35678897268332843,0.35665797932909127,sample_size,5,age_group;panel;scale_type;time_diff_mean
206,5.000560606791549e-4,0.2533039512685627,0.25280389520788354,4.8442099722323384e-4,0.25314668257108974,0.2526622615738665,sample_size,4,age_group;scale_type;time_diff_mean
207,0.0029024791195199073,0.32256472124311253,0.3196622421235926,0.0028893640237190876,0.32227929906073804,0.31938993503701896,sample_size,4,panel;scale_type;time_diff_mean
208,3.401774848690864e-4,0.1433590386087621,0.143018861123893,3.2215118870360104e-4,0.14330491901805797,0.14298276782935437,sample_size,3,scale_type;time_diff_mean
209,5.411973621527455e-5,0.4633139051845805,0.4632597854483652,4.284013696420619e-5,0.4629293866465186,0.4628865465095544,sample_size,6,age_group;domain_name;gender_group;panel;time_diff_mean
210,6.728273717533928e-4,0.37422201163512414,0.37354918426337075,6.598676505400469e-4,0.3739979168887009,0.37333804923816083,sample_size,5,age_group;domain_name;gender_group;time_diff_mean
211,0.0028833485806791237,0.4340450549511163,0.43116170637043716,0.0028729971524039666,0.43372309667889175,0.4308500995264878,sample_size,5,domain_name;gender_group;panel;time_diff_mean
212,1.0903424507735515e-4,0.320646365926751,0.32053733168167364,9.47436930355261e-5,0.32050328085038604,0.3204085371573505,sample_size,4,domain_name;gender_group;time_diff_mean
213,2.4304191780344375e-5,0.4632223757778242,0.46319807158604387,1.3001893804487352e-5,0.4628491108250399,0.4628361089312354,sample_size,5,age_group;domain_name;panel;time_diff_mean
214,5.582746695899088e-4,0.37399764547312037,0.37343937080353046,5.452604045531606e-4,0.3737866615944435,0.37324140118989035,sample_size,4,age_group;domain_name;time_diff_mean
215,0.0029138416299299696,0.4340224195250514,0.4311085778951214,0.0029034455069845144,0.4337123797658211,0.4308089342588366,sample_size,4,domain_name;panel;time_diff_mean
216,1.435730029532567e-4,0.32057354534740284,0.3204299723444496,1.2928504233133964e-4,0.3204447576875066,0.32031547264517524,sample_size,3,domain_name;time_diff_mean
217,2.5162900676606315e-4,0.3572416849687381,0.35699005596197203,2.3821684127411924e-4,0.3568760350908179,0.35663781824954377,sample_size,5,age_group;gender_group;panel;time_diff_mean
218,5.44147700110853e-4,0.25275603629749294,0.2522118885973821,5.285094520378619e-4,0.2525986521984802,0.25207014274644235,sample_size,4,age_group;gender_group;time_diff_mean
219,0.0027439043480944614,0.322202421296597,0.3194585169485025,0.0027307181468955166,0.3219168464672544,0.31918612832035886,sample_size,4,gender_group;panel;time_diff_mean
220,3.8666074645429815e-4,0.14020832329707802,0.13982166255062373,3.68570054815498e-4,0.14015400465516015,0.13978543460034465,sample_size,3,gender_group;time_diff_mean
221,1.5238132904166202e-4,0.3570223902585486,0.35687000892950693,1.3890753213208207e-4,0.3566701702586902,0.3565312627265581,sample_size,4,age_group;panel;time_diff_mean
222,4.2858736739032066e-4,0.25248318796924923,0.2520546006018589,4.1291310173652285e-4,0.252341493544054,0.2519285804423175,sample_size,3,age_group;time_diff_mean
223,0.002850778652949082,0.3222008474020996,0.3193500687491505,0.0028375757200459484,0.3219295563993746,0.31909198067932865,sample_size,3,panel;time_diff_mean
224,4.7103100245876606e-4,0.14008951427543043,0.13961848327297166,4.529322054701579e-4,0.1400532976062061,0.13960036540073595,sample_size,2,time_diff_mean
225,9.585811066396555e-4,0.45055061378658723,0.4495920326799476,9.476613099284048e-4,0.4501569507556894,0.449209289445761,sample_size,6,age_group;domain_name;gender_group;panel;scale_type
226,0.006804878390944236,0.2922589915043687,0.28545411311342445,0.006792258240534088,0.2920055453225263,0.28521328708199223,sample_size,5,age_group;domain_name;gender_group;scale_type
227,0.006522931050963243,0.42323173377731294,0.4167088027263497,0.00651434541228435,0.42290362406453186,0.4163892786522475,sample_size,5,domain_name;gender_group;panel;scale_type
228,0.004855674504909896,0.1838950235270387,0.1790393490221288,0.004839402900160494,0.1837231359606466,0.1788837330604861,sample_size,4,domain_name;gender_group;scale_type
229,0.001018977506546781,0.4505503146046875,0.4495313370981407,0.0010080787037979322,0.45016823774152903,0.4491601590377311,sample_size,5,age_group;domain_name;panel;scale_type
230,0.0062248544741105305,0.2915036224566322,0.28527876798252166,0.0062118923822797045,0.2912648353136099,0.2850529429313302,sample_size,4,age_group;domain_name;scale_type
231,0.006471475340493971,0.4231266513755862,0.4166551760350922,0.0064627233922064375,0.42281064296768467,0.41634791957547823,sample_size,4,domain_name;panel;scale_type
232,0.0044328621861516315,0.18326528517283813,0.1788324229866865,0.004416404516088934,0.18311047025216753,0.1786940657360786,sample_size,3,domain_name;scale_type
233,4.2632535353109846e-4,0.3434901980938558,0.3430638727403247,4.1271899035377757e-4,0.34311672532297666,0.3427040063326229,sample_size,5,age_group;gender_group;panel;scale_type
234,0.005597603400546186,0.190377360566262,0.18477975716571582,0.005581608987507147,0.19020683830601348,0.18462522931850633,sample_size,4,age_group;gender_group;scale_type
235,0.005930884765210587,0.31214336993353625,0.30621248516832567,0.005918762169202396,0.3118535569481916,0.3059347947789892,sample_size,4,gender_group;panel;scale_type
236,0.0039374306273559315,0.007686044766059504,0.0037486141387035733,0.0039166985999606885,0.007623353828399848,0.0037066552284391596,sample_size,3,gender_group;scale_type
237,5.173245139036275e-4,0.3434630840126107,0.3429457594987071,5.037571059552937e-4,0.34310343629089757,0.3425996791849423,sample_size,4,age_group;panel;scale_type
238,0.005041471704473055,0.18959026104355006,0.184548789339077,0.005025249814004984,0.18943664504416913,0.18441139523016414,sample_size,3,age_group;scale_type
239,0.006000949514845311,0.3121047018393218,0.3061037523244765,0.005988728294754941,0.3118293698261545,0.30584064153139956,sample_size,3,panel;scale_type
240,0.0034765179926884437,0.0068479962261646715,0.0033714782334762277,0.0034556765735056505,0.0068061678519244495,0.003350491278418799,sample_size,2,scale_type
241,0.0011846935646924184,0.44734454568597276,0.44615985212128034,0.001173838905393687,0.44696023959206765,0.44578640068667397,sample_size,5,age_group;domain_name;gender_group;panel
242,0.009656594856253642,0.27026281950668835,0.2606062246504347,0.009644269494926139,0.2700168734976327,0.26037260400270656,sample_size,4,age_group;domain_name;gender_group
243,0.006909093723104276,0.4206845033058512,0.41377540958274694,0.006900520794151377,0.4203671571011435,0.4134666363069921,sample_size,4,domain_name;gender_group;panel
244,0.007770757827875702,0.15555040592749267,0.14777964809961697,0.007754278739402154,0.1553903375545641,0.14763605881516195,sample_size,3,domain_name;gender_group
245,0.0012451601362175602,0.4473427519646426,0.44609759182842507,0.0012343204477009984,0.4469700981530421,0.4457357777053411,sample_size,4,age_group;domain_name;panel
246,0.008861140705131776,0.2692318817831518,0.26037074107802005,0.008848356228173038,0.26900098651893867,0.26015263029076563,sample_size,3,age_group;domain_name
247,0.006850667621509654,0.4205710218206749,0.41372035419916525,0.006841917634167749,0.4202658278957111,0.41342391026154335,sample_size,3,domain_name;panel
248,0.007143188344376911,0.15464138470596575,0.14749819636158884,0.007126434653924707,0.15449895154486226,0.14737251689093755,sample_size,2,domain_name
249,4.1347198780999905e-4,0.3434107499711976,0.3429972779833876,3.998487759709901e-4,0.3430510735811517,0.34265122480518073,sample_size,4,age_group;gender_group;panel
250,0.006642794622266579,0.18810380062142804,0.18146100599916146,0.0066268112238512256,0.18794990285827717,0.18132309163442595,sample_size,3,age_group;gender_group
251,0.005853354033458491,0.3118658695109471,0.3060125154774886,0.005841071815146259,0.3115904419044737,0.30574937008932745,sample_size,3,gender_group;panel
252,0.004835857099115339,0.00523854615690503,4.026890577896906e-4,0.0048150104116805315,0.005196649997794345,3.816395861138133e-4,sample_size,2,gender_group
253,5.035410811278229e-4,0.34338280078648226,0.34287925970535443,4.899546898210483e-4,0.3430369506689125,0.34254699597909144,sample_size,3,age_group;panel
254,0.006014774636106279,0.18722473220565883,0.18120995756955255,0.005998540930942542,0.18708778896220657,0.18108924803126403,sample_size,2,age_group
255,0.0059246675524017856,0.31182855956888456,0.30590389201648277,0.0059122873486584515,0.31156761950173284,0.3056553321530744,sample_size,2,panel
256,0.004309806607651268,0.004309806607651268,0,0.004288839411867085,0.004288839411867085,0,sample_size,1,
257,0.10893287081703823,0.4663044142003073,0.3573715433832691,0.10891836408241873,0.46591078362115723,0.3569924195387385,domain_name,7,age_group;gender_group;panel;sample_size;scale_type;time_diff_mean
258,0.12483280985894463,0.3784276344303622,0.2535948245714176,0.12477005457312218,0.3781919473249663,0.2534218927518441,domain_name,6,age_group;gender_group;sample_size;scale_type;time_diff_mean
259,0.11376823483546106,0.4363348033497376,0.32256656851427656,0.11373539479128747,0.43600226451772384,0.32226686972643637,domain_name,6,gender_group;panel;sample_size;scale_type;time_diff_mean
260,0.1808039627904441,0.3243027302835457,0.14349876749310161,0.18071956222426033,0.3241461805138234,0.14342661828956305,domain_name,5,gender_group;sample_size;scale_type;time_diff_mean
261,0.10904455353703796,0.46619922559785487,0.3571546720608169,0.10902780161688286,0.4658167743002113,0.35678897268332843,domain_name,6,age_group;panel;sample_size;scale_type;time_diff_mean
262,0.12493223081744148,0.3782361820860042,0.2533039512685627,0.12486684226633549,0.37801352483742523,0.25314668257108974,domain_name,5,age_group;sample_size;scale_type;time_diff_mean
263,0.11375043276171537,0.4363151540048279,0.32256472124311253,0.11371518807708314,0.4359944871378212,0.32227929906073804,domain_name,5,panel;sample_size;scale_type;time_diff_mean
264,0.1808865788759748,0.3242456174847369,0.1433590386087621,0.18079837146263178,0.32410329048068975,0.14330491901805797,domain_name,4,sample_size;scale_type;time_diff_mean
265,0.10907009639402454,0.4662004949145346,0.35713039852051004,0.10905335919193282,0.46581804452631614,0.3567646853343833,domain_name,6,age_group;gender_group;panel;scale_type;time_diff_mean
266,0.12493161824469406,0.3778981400114199,0.25296652176672585,0.12486617970795999,0.377675361708003,0.252809182000043,domain_name,5,age_group;gender_group;scale_type;time_diff_mean
267,0.11387895005872128,0.4336497762320724,0.3197708261733511,0.11384336624934743,0.4333275930952105,0.3194842268458631,domain_name,5,gender_group;panel;scale_type;time_diff_mean
268,0.18090149361969382,0.32413492776718544,0.14323343414749162,0.18081327082819754,0.32399257744973287,0.14317930662153533,domain_name,4,gender_group;scale_type;time_diff_mean
269,0.10913001099702524,0.4661402170004504,0.35701020600342515,0.10911100172987676,0.465768981058968,0.35665797932909127,domain_name,5,age_group;panel;scale_type;time_diff_mean
270,0.12499738833440116,0.3778012835422847,0.25280389520788354,0.1249293200438859,0.3775915816177524,0.2526622615738665,domain_name,4,age_group;scale_type;time_diff_mean
271,0.11393567608532207,0.4335979182089147,0.3196622421235926,0.11389771087291412,0.4332876459099331,0.31938993503701896,domain_name,4,panel;scale_type;time_diff_mean
272,0.18102018384604573,0.32403904496993874,0.143018861123893,0.18092814637825771,0.3239109142076121,0.14298276782935437,domain_name,3,scale_type;time_diff_mean
273,0.1060722202158424,0.4633139051845805,0.3572416849687381,0.10605335155570073,0.4629293866465186,0.3568760350908179,domain_name,6,age_group;gender_group;panel;sample_size;time_diff_mean
274,0.1214659753376312,0.37422201163512414,0.25275603629749294,0.12139926469022067,0.3739979168887009,0.2525986521984802,domain_name,5,age_group;gender_group;sample_size;time_diff_mean
275,0.1118426336545193,0.4340450549511163,0.322202421296597,0.11180625021163737,0.43372309667889175,0.3219168464672544,domain_name,5,gender_group;panel;sample_size;time_diff_mean
276,0.18043804262967297,0.320646365926751,0.14020832329707802,0.1803492761952259,0.32050328085038604,0.14015400465516015,domain_name,4,gender_group;sample_size;time_diff_mean
277,0.10619998551927562,0.4632223757778242,0.3570223902585486,0.10617894056634969,0.4628491108250399,0.3566701702586902,domain_name,5,age_group;panel;sample_size;time_diff_mean
278,0.12151445750387113,0.37399764547312037,0.25248318796924923,0.12144516805038952,0.3737866615944435,0.252341493544054,domain_name,4,age_group;sample_size;time_diff_mean
279,0.1118215721229518,0.4340224195250514,0.3222008474020996,0.11178282336644652,0.4337123797658211,0.3219295563993746,domain_name,4,panel;sample_size;time_diff_mean
280,0.18048403107197242,0.32057354534740284,0.14008951427543043,0.18039146008130047,0.3204447576875066,0.1400532976062061,domain_name,3,sample_size;time_diff_mean
281,0.10626972948639318,0.4632597854483652,0.35699005596197203,0.10624872826001064,0.4628865465095544,0.35663781824954377,domain_name,5,age_group;gender_group;panel;time_diff_mean
282,0.12133729566598866,0.37354918426337075,0.2522118885973821,0.12126790649171848,0.37333804923816083,0.25207014274644235,domain_name,4,age_group;gender_group;time_diff_mean
283,0.11170318942193463,0.43116170637043716,0.3194585169485025,0.11166397120612892,0.4308500995264878,0.31918612832035886,domain_name,4,gender_group;panel;time_diff_mean
284,0.18071566913104992,0.32053733168167364,0.13982166255062373,0.18062310255700587,0.3204085371573505,0.13978543460034465,domain_name,3,gender_group;time_diff_mean
285,0.10632806265653694,0.46319807158604387,0.35687000892950693,0.10630484620467728,0.4628361089312354,0.3565312627265581,domain_name,4,age_group;panel;time_diff_mean
286,0.12138477020167154,0.37343937080353046,0.2520546006018589,0.12131282074757288,0.37324140118989035,0.2519285804423175,domain_name,3,age_group;time_diff_mean
287,0.11175850914597091,0.4311085778951214,0.3193500687491505,0.11171695357950795,0.4308089342588366,0.31909198067932865,domain_name,3,panel;time_diff_mean
288,0.18081148907147793,0.3204299723444496,0.13961848327297166,0.1807151072444393,0.32031547264517524,0.13960036540073595,domain_name,2,time_diff_mean
289,0.10706041569273145,0.45055061378658723,0.3434901980938558,0.10704022543271274,0.4501569507556894,0.34311672532297666,domain_name,6,age_group;gender_group;panel;sample_size;scale_type
290,0.10188163093810668,0.2922589915043687,0.190377360566262,0.10179870701651283,0.2920055453225263,0.19020683830601348,domain_name,5,age_group;gender_group;sample_size;scale_type
291,0.11108836384377668,0.42323173377731294,0.31214336993353625,0.11105006711634025,0.42290362406453186,0.3118535569481916,domain_name,5,gender_group;panel;sample_size;scale_type
292,0.1762089787609792,0.1838950235270387,0.007686044766059504,0.17609978213224675,0.1837231359606466,0.007623353828399848,domain_name,4,gender_group;sample_size;scale_type
293,0.10708723059207675,0.4505503146046875,0.3434630840126107,0.10706480145063146,0.45016823774152903,0.34310343629089757,domain_name,5,age_group;panel;sample_size;scale_type
294,0.10191336141308213,0.2915036224566322,0.18959026104355006,0.10182819026944079,0.2912648353136099,0.18943664504416913,domain_name,4,age_group;sample_size;scale_type
295,0.11102194953626437,0.4231266513755862,0.3121047018393218,0.11098127314153017,0.42281064296768467,0.3118293698261545,domain_name,4,panel;sample_size;scale_type
296,0.17641728894667347,0.18326528517283813,0.0068479962261646715,0.17630430240024308,0.18311047025216753,0.0068061678519244495,domain_name,3,sample_size;scale_type
297,0.10652815993962289,0.4495920326799476,0.3430638727403247,0.10650528311313812,0.449209289445761,0.3427040063326229,domain_name,5,age_group;gender_group;panel;scale_type
298,0.10067435594770863,0.28545411311342445,0.18477975716571582,0.1005880577634859,0.28521328708199223,0.18462522931850633,domain_name,4,age_group;gender_group;scale_type
299,0.11049631755802403,0.4167088027263497,0.30621248516832567,0.11045448387325829,0.4163892786522475,0.3059347947789892,domain_name,4,gender_group;panel;scale_type
300,0.17529073488342525,0.1790393490221288,0.0037486141387035733,0.17517707783204695,0.1788837330604861,0.0037066552284391596,domain_name,3,gender_group;scale_type
301,0.1065855775994336,0.4495313370981407,0.3429457594987071,0.10656047985278883,0.4491601590377311,0.3425996791849423,domain_name,4,age_group;panel;scale_type
302,0.10072997864344466,0.28527876798252166,0.184548789339077,0.10064154770116607,0.2850529429313302,0.18441139523016414,domain_name,3,age_group;scale_type
303,0.11055142371061571,0.4166551760350922,0.3061037523244765,0.11050727804407867,0.41634791957547823,0.30584064153139956,domain_name,3,panel;scale_type
304,0.17546094475321028,0.1788324229866865,0.0033714782334762277,0.1753435744576598,0.1786940657360786,0.003350491278418799,domain_name,2,scale_type
305,0.10393379571477518,0.44734454568597276,0.3434107499711976,0.10390916601091593,0.44696023959206765,0.3430510735811517,domain_name,5,age_group;gender_group;panel;sample_size
306,0.08215901888526031,0.27026281950668835,0.18810380062142804,0.08206697063935553,0.2700168734976327,0.18794990285827717,domain_name,4,age_group;gender_group;sample_size
307,0.10881863379490414,0.4206845033058512,0.3118658695109471,0.10877671519666976,0.4203671571011435,0.3115904419044737,domain_name,4,gender_group;panel;sample_size
308,0.15031185977058764,0.15555040592749267,0.00523854615690503,0.15019368755676976,0.1553903375545641,0.005196649997794345,domain_name,3,gender_group;sample_size
309,0.10395995117816037,0.4473427519646426,0.34338280078648226,0.10393314748412963,0.4469700981530421,0.3430369506689125,domain_name,4,age_group;panel;sample_size
310,0.082007149577493,0.2692318817831518,0.18722473220565883,0.0819131975567321,0.26900098651893867,0.18708778896220657,domain_name,3,age_group;sample_size
311,0.10874246225179035,0.4205710218206749,0.31182855956888456,0.10869820839397826,0.4202658278957111,0.31156761950173284,domain_name,3,panel;sample_size
312,0.1503315780983145,0.15464138470596575,0.004309806607651268,0.15021011213299518,0.15449895154486226,0.004288839411867085,domain_name,2,sample_size
313,0.10316257413789276,0.44615985212128034,0.3429972779833876,0.10313517588149324,0.44578640068667397,0.34265122480518073,domain_name,4,age_group;gender_group;panel
314,0.07914521865127325,0.2606062246504347,0.18146100599916146,0.07904951236828062,0.26037260400270656,0.18132309163442595,domain_name,3,age_group;gender_group
315,0.10776289410525836,0.41377540958274694,0.3060125154774886,0.10771726621766464,0.4134666363069921,0.30574937008932745,domain_name,3,gender_group;panel
316,0.14737695904182727,0.14777964809961697,4.026890577896906e-4,0.14725441922904814,0.14763605881516195,3.816395861138133e-4,domain_name,2,gender_group
317,0.10321833212307063,0.44609759182842507,0.34287925970535443,0.10318878172624968,0.4457357777053411,0.34254699597909144,domain_name,3,age_group;panel
318,0.0791607835084675,0.26037074107802005,0.18120995756955255,0.0790633822595016,0.26015263029076563,0.18108924803126403,domain_name,2,age_group
319,0.10781646218268248,0.41372035419916525,0.30590389201648277,0.10776857810846896,0.41342391026154335,0.3056553321530744,domain_name,2,panel
320,0.14749819636158884,0.14749819636158884,0,0.14737251689093755,0.14737251689093755,0,domain_name,1,
321,0.002990509015726839,0.4663044142003073,0.4633139051845805,0.002981396974638617,0.46591078362115723,0.4629293866465186,scale_type,7,age_group;domain_name;gender_group;panel;sample_size;time_diff_mean
322,0.004205622795238062,0.3784276344303622,0.37422201163512414,0.004194030436265428,0.3781919473249663,0.3739979168887009,scale_type,6,age_group;domain_name;gender_group;sample_size;time_diff_mean
323,0.0022897483986213385,0.4363348033497376,0.4340450549511163,0.0022791678388320857,0.43600226451772384,0.43372309667889175,scale_type,6,domain_name;gender_group;panel;sample_size;time_diff_mean
324,0.003656364356794728,0.3243027302835457,0.320646365926751,0.003642899663437338,0.3241461805138234,0.32050328085038604,scale_type,5,domain_name;gender_group;sample_size;time_diff_mean
325,0.002976849820030658,0.46619922559785487,0.4632223757778242,0.0029676634751714115,0.4658167743002113,0.4628491108250399,scale_type,6,age_group;domain_name;panel;sample_size;time_diff_mean
326,0.004238536612883814,0.3782361820860042,0.37399764547312037,0.0042268632429817155,0.37801352483742523,0.3737866615944435,scale_type,5,age_group;domain_name;sample_size;time_diff_mean
327,0.002292734479776515,0.4363151540048279,0.4340224195250514,0.002282107372000075,0.4359944871378212,0.4337123797658211,scale_type,5,domain_name;panel;sample_size;time_diff_mean
328,0.0036720721373340592,0.3242456174847369,0.32057354534740284,0.003658532793183178,0.32410329048068975,0.3204447576875066,scale_type,4,domain_name;sample_size;time_diff_mean
329,0.0029407094661693667,0.4662004949145346,0.4632597854483652,0.0029314980167617355,0.46581804452631614,0.4628865465095544,scale_type,6,age_group;domain_name;gender_group;panel;time_diff_mean
330,0.004348955748049166,0.3778981400114199,0.37354918426337075,0.004337312469842147,0.377675361708003,0.37333804923816083,scale_type,5,age_group;domain_name;gender_group;time_diff_mean
331,0.002488069861635245,0.4336497762320724,0.43116170637043716,0.002477493568722733,0.4333275930952105,0.4308500995264878,scale_type,5,domain_name;gender_group;panel;time_diff_mean
332,0.0035975960855118005,0.32413492776718544,0.32053733168167364,0.003584040292382351,0.32399257744973287,0.3204085371573505,scale_type,4,domain_name;gender_group;time_diff_mean
333,0.0029421454144065162,0.4661402170004504,0.46319807158604387,0.002932872127732633,0.465768981058968,0.4628361089312354,scale_type,5,age_group;domain_name;panel;time_diff_mean
334,0.004361912738754248,0.3778012835422847,0.37343937080353046,0.00435018042786206,0.3775915816177524,0.37324140118989035,scale_type,4,age_group;domain_name;time_diff_mean
335,0.0024893403137932757,0.4335979182089147,0.4311085778951214,0.002478711651096477,0.4332876459099331,0.4308089342588366,scale_type,4,domain_name;panel;time_diff_mean
336,0.0036090726254891514,0.32403904496993874,0.3204299723444496,0.003595441562436852,0.3239109142076121,0.32031547264517524,scale_type,3,domain_name;time_diff_mean
337,1.2985841453100333e-4,0.3573715433832691,0.3572416849687381,1.1638444792061442e-4,0.3569924195387385,0.3568760350908179,scale_type,6,age_group;gender_group;panel;sample_size;time_diff_mean
338,8.3878827392464e-4,0.2535948245714176,0.25275603629749294,8.232405533639131e-4,0.2534218927518441,0.2525986521984802,scale_type,5,age_group;gender_group;sample_size;time_diff_mean
339,3.641472176795779e-4,0.32256656851427656,0.322202421296597,3.500232591819863e-4,0.32226686972643637,0.3219168464672544,scale_type,5,gender_group;panel;sample_size;time_diff_mean
340,0.0032904441960235897,0.14349876749310161,0.14020832329707802,0.003272613634402899,0.14342661828956305,0.14015400465516015,scale_type,4,gender_group;sample_size;time_diff_mean
341,1.322818022683192e-4,0.3571546720608169,0.3570223902585486,1.1880242463824242e-4,0.35678897268332843,0.3566701702586902,scale_type,5,age_group;panel;sample_size;time_diff_mean
342,8.20763299313465e-4,0.2533039512685627,0.25248318796924923,8.051890270357465e-4,0.25314668257108974,0.252341493544054,scale_type,4,age_group;sample_size;time_diff_mean
343,3.638738410129405e-4,0.32256472124311253,0.3222008474020996,3.497426613634502e-4,0.32227929906073804,0.3219295563993746,scale_type,4,panel;sample_size;time_diff_mean
344,0.0032695243333316637,0.1433590386087621,0.14008951427543043,0.0032516214118518683,0.14330491901805797,0.1400532976062061,scale_type,3,sample_size;time_diff_mean
345,1.4034255853800914e-4,0.35713039852051004,0.35699005596197203,1.2686708483955478e-4,0.3567646853343833,0.35663781824954377,scale_type,5,age_group;gender_group;panel;time_diff_mean
346,7.546331693437658e-4,0.25296652176672585,0.2522118885973821,7.390392536006374e-4,0.252809182000043,0.25207014274644235,scale_type,4,age_group;gender_group;time_diff_mean
347,3.123092248485948e-4,0.3197708261733511,0.3194585169485025,2.980985255042201e-4,0.3194842268458631,0.31918612832035886,scale_type,4,gender_group;panel;time_diff_mean
348,0.0034117715968678963,0.14323343414749162,0.13982166255062373,0.0033938720211906803,0.14317930662153533,0.13978543460034465,scale_type,3,gender_group;time_diff_mean
349,1.4019707391821346e-4,0.35701020600342515,0.35687000892950693,1.267166025331612e-4,0.35665797932909127,0.3565312627265581,scale_type,4,age_group;panel;time_diff_mean
350,7.492946060246308e-4,0.25280389520788354,0.2520546006018589,7.336811315490355e-4,0.2526622615738665,0.2519285804423175,scale_type,3,age_group;time_diff_mean
351,3.121733744421151e-4,0.3196622421235926,0.3193500687491505,2.97954357690311e-4,0.31938993503701896,0.31909198067932865,scale_type,3,panel;time_diff_mean
352,0.0034003778509213434,0.143018861123893,0.13961848327297166,0.003382402428618425,0.14298276782935437,0.13960036540073595,scale_type,2,time_diff_mean
353,0.0032060681006144676,0.45055061378658723,0.44734454568597276,0.003196711163621746,0.4501569507556894,0.44696023959206765,scale_type,6,age_group;domain_name;gender_group;panel;sample_size
354,0.021996171997680336,0.2922589915043687,0.27026281950668835,0.021988671824893613,0.2920055453225263,0.2700168734976327,scale_type,5,age_group;domain_name;gender_group;sample_size
355,0.0025472304714617144,0.42323173377731294,0.4206845033058512,0.002536466963388384,0.42290362406453186,0.4203671571011435,scale_type,5,domain_name;gender_group;panel;sample_size
356,0.02834461759954604,0.1838950235270387,0.15555040592749267,0.028332798406082493,0.1837231359606466,0.1553903375545641,scale_type,4,domain_name;gender_group;sample_size
357,0.0032075626400448476,0.4505503146046875,0.4473427519646426,0.0031981395884869146,0.45016823774152903,0.4469700981530421,scale_type,5,age_group;domain_name;panel;sample_size
358,0.022271740673480367,0.2915036224566322,0.2692318817831518,0.022263848794671248,0.2912648353136099,0.26900098651893867,scale_type,4,age_group;domain_name;sample_size
359,0.0025556295549112873,0.4231266513755862,0.4205710218206749,0.002544815071973572,0.42281064296768467,0.4202658278957111,scale_type,4,domain_name;panel;sample_size
360,0.028623900466872382,0.18326528517283813,0.15464138470596575,0.028611518707305272,0.18311047025216753,0.15449895154486226,scale_type,3,domain_name;sample_size
361,0.0034321805586672305,0.4495920326799476,0.44615985212128034,0.0034228887590870283,0.449209289445761,0.44578640068667397,scale_type,5,age_group;domain_name;gender_group;panel
362,0.024847888462989742,0.28545411311342445,0.2606062246504347,0.024840683079285664,0.28521328708199223,0.26037260400270656,scale_type,4,age_group;domain_name;gender_group
363,0.002933393143602747,0.4167088027263497,0.41377540958274694,0.0029226423452554107,0.4163892786522475,0.4134666363069921,scale_type,4,domain_name;gender_group;panel
364,0.031259700922511846,0.1790393490221288,0.14777964809961697,0.031247674245324153,0.1788837330604861,0.14763605881516195,scale_type,3,domain_name;gender_group
365,0.0034337452697156268,0.4495313370981407,0.44609759182842507,0.0034243813323899808,0.4491601590377311,0.4457357777053411,scale_type,4,age_group;domain_name;panel
366,0.024908026904501612,0.28527876798252166,0.26037074107802005,0.02490031264056458,0.2850529429313302,0.26015263029076563,scale_type,3,age_group;domain_name
367,0.0029348218359269707,0.4166551760350922,0.41372035419916525,0.0029240093139348833,0.41634791957547823,0.41342391026154335,scale_type,3,domain_name;panel
368,0.03133422662509766,0.1788324229866865,0.14749819636158884,0.031321548845141045,0.1786940657360786,0.14737251689093755,scale_type,2,domain_name
369,7.94481226581989e-5,0.3434901980938558,0.3434107499711976,6.565174182493472e-5,0.34311672532297666,0.3430510735811517,scale_type,5,age_group;gender_group;panel;sample_size
370,0.0022735599448339694,0.190377360566262,0.18810380062142804,0.002256935447736308,0.19020683830601348,0.18794990285827717,scale_type,4,age_group;gender_group;sample_size
371,2.7750042258917196e-4,0.31214336993353625,0.3118658695109471,2.631150437178986e-4,0.3118535569481916,0.3115904419044737,scale_type,4,gender_group;panel;sample_size
372,0.0024474986091544745,0.007686044766059504,0.00523854615690503,0.0024267038306055033,0.007623353828399848,0.005196649997794345,scale_type,3,gender_group;sample_size
373,8.028322612846361e-5,0.3434630840126107,0.34338280078648226,6.648562198507957e-5,0.34310343629089757,0.3430369506689125,scale_type,4,age_group;panel;sample_size
374,0.0023655288378912342,0.18959026104355006,0.18722473220565883,0.002348856081962558,0.18943664504416913,0.18708778896220657,scale_type,3,age_group;sample_size
375,2.761422704372629e-4,0.3121047018393218,0.31182855956888456,2.6175032442166124e-4,0.3118293698261545,0.31156761950173284,scale_type,3,panel;sample_size
376,0.0025381896185134034,0.0068479962261646715,0.004309806607651268,0.0025173284400573648,0.0068061678519244495,0.004288839411867085,scale_type,2,sample_size
377,6.659475693709949e-5,0.3430638727403247,0.3429972779833876,5.278152744214726e-5,0.3427040063326229,0.34265122480518073,scale_type,4,age_group;gender_group;panel
378,0.0033187511665543623,0.18477975716571582,0.18146100599916146,0.003302137684080386,0.18462522931850633,0.18132309163442595,scale_type,3,age_group;gender_group
379,1.9996969083707627e-4,0.30621248516832567,0.3060125154774886,1.8542468966176173e-4,0.3059347947789892,0.30574937008932745,scale_type,3,gender_group;panel
380,0.003345925080913883,0.0037486141387035733,4.026890577896906e-4,0.0033250156423253463,0.0037066552284391596,3.816395861138133e-4,scale_type,2,gender_group
381,6.649979335265899e-5,0.3429457594987071,0.34287925970535443,5.268320585083419e-5,0.3425996791849423,0.34254699597909144,scale_type,3,age_group;panel
382,0.0033388317695244585,0.184548789339077,0.18120995756955255,0.003322147198900116,0.18441139523016414,0.18108924803126403,scale_type,2,age_group
383,1.9986030799373777e-4,0.3061037523244765,0.30590389201648277,1.8530937832517136e-4,0.30584064153139956,0.3056553321530744,scale_type,2,panel
384,0.0033714782334762277,0.0033714782334762277,0,0.003350491278418799,0.003350491278418799,0,scale_type,1,
385,0.015753800413720098,0.4663044142003073,0.45055061378658723,0.01575383286546783,0.46591078362115723,0.4501569507556894,time_diff_mean,7,age_group;domain_name;gender_group;panel;sample_size;scale_type
386,0.08616864292599352,0.3784276344303622,0.2922589915043687,0.08618640200243999,0.3781919473249663,0.2920055453225263,time_diff_mean,6,age_group;domain_name;gender_group;sample_size;scale_type
387,0.013103069572424686,0.4363348033497376,0.42323173377731294,0.013098640453191979,0.43600226451772384,0.42290362406453186,time_diff_mean,6,domain_name;gender_group;panel;sample_size;scale_type
388,0.14040770675650702,0.3243027302835457,0.1838950235270387,0.14042304455317678,0.3241461805138234,0.1837231359606466,time_diff_mean,5,domain_name;gender_group;sample_size;scale_type
389,0.015648910993167398,0.46619922559785487,0.4505503146046875,0.015648536558682258,0.4658167743002113,0.45016823774152903,time_diff_mean,6,age_group;domain_name;panel;sample_size;scale_type
390,0.08673255962937199,0.3782361820860042,0.2915036224566322,0.08674868952381531,0.37801352483742523,0.2912648353136099,time_diff_mean,5,age_group;domain_name;sample_size;scale_type
391,0.013188502629241705,0.4363151540048279,0.4231266513755862,0.013183844170136516,0.4359944871378212,0.42281064296768467,time_diff_mean,5,domain_name;panel;sample_size;scale_type
392,0.14098033231189877,0.3242456174847369,0.18326528517283813,0.14099282022852222,0.32410329048068975,0.18311047025216753,time_diff_mean,4,domain_name;sample_size;scale_type
393,0.016608462234587007,0.4662004949145346,0.4495920326799476,0.01660875508055515,0.46581804452631614,0.449209289445761,time_diff_mean,6,age_group;domain_name;gender_group;panel;scale_type
394,0.09244402689799547,0.3778981400114199,0.28545411311342445,0.09246207462601075,0.377675361708003,0.28521328708199223,time_diff_mean,5,age_group;domain_name;gender_group;scale_type
395,0.016940973505722712,0.4336497762320724,0.4167088027263497,0.01693831444296301,0.4333275930952105,0.4163892786522475,time_diff_mean,5,domain_name;gender_group;panel;scale_type
396,0.14509557874505663,0.32413492776718544,0.1790393490221288,0.14510884438924676,0.32399257744973287,0.1788837330604861,time_diff_mean,4,domain_name;gender_group;scale_type
397,0.016608879902309692,0.4661402170004504,0.4495313370981407,0.016608822021236924,0.465768981058968,0.4491601590377311,time_diff_mean,5,age_group;domain_name;panel;scale_type
398,0.09252251555976304,0.3778012835422847,0.28527876798252166,0.0925386386864222,0.3775915816177524,0.2850529429313302,time_diff_mean,4,age_group;domain_name;scale_type
399,0.016942742173822467,0.4335979182089147,0.4166551760350922,0.01693972633445484,0.4332876459099331,0.41634791957547823,time_diff_mean,4,domain_name;panel;scale_type
400,0.14520662198325224,0.32403904496993874,0.1788324229866865,0.1452168484715335,0.3239109142076121,0.1786940657360786,time_diff_mean,3,domain_name;scale_type
401,0.013881345289413316,0.3573715433832691,0.3434901980938558,0.013875694215761847,0.3569924195387385,0.34311672532297666,time_diff_mean,6,age_group;gender_group;panel;sample_size;scale_type
402,0.06321746400515557,0.2535948245714176,0.190377360566262,0.06321505444583064,0.2534218927518441,0.19020683830601348,time_diff_mean,5,age_group;gender_group;sample_size;scale_type
403,0.010423198580740312,0.32256656851427656,0.31214336993353625,0.010413312778244754,0.32226686972643637,0.3118535569481916,time_diff_mean,5,gender_group;panel;sample_size;scale_type
404,0.13581272272704212,0.14349876749310161,0.007686044766059504,0.1358032644611632,0.14342661828956305,0.007623353828399848,time_diff_mean,4,gender_group;sample_size;scale_type
405,0.013691588048206194,0.3571546720608169,0.3434630840126107,0.013685536392430864,0.35678897268332843,0.34310343629089757,time_diff_mean,5,age_group;panel;sample_size;scale_type
406,0.06371369022501264,0.2533039512685627,0.18959026104355006,0.06371003752692062,0.25314668257108974,0.18943664504416913,time_diff_mean,4,age_group;sample_size;scale_type
407,0.01046001940379071,0.32256472124311253,0.3121047018393218,0.010449929234583544,0.32227929906073804,0.3118293698261545,time_diff_mean,4,panel;sample_size;scale_type
408,0.13651104238259743,0.1433590386087621,0.0068479962261646715,0.13649875116613353,0.14330491901805797,0.0068061678519244495,time_diff_mean,3,sample_size;scale_type
409,0.014066525780185357,0.35713039852051004,0.3430638727403247,0.014060679001760445,0.3567646853343833,0.3427040063326229,time_diff_mean,5,age_group;gender_group;panel;scale_type
410,0.06818676460101003,0.25296652176672585,0.18477975716571582,0.06818395268153665,0.252809182000043,0.18462522931850633,time_diff_mean,4,age_group;gender_group;scale_type
411,0.013558341005025454,0.3197708261733511,0.30621248516832567,0.013549432066873868,0.3194842268458631,0.3059347947789892,time_diff_mean,4,gender_group;panel;scale_type
412,0.13948482000878806,0.14323343414749162,0.0037486141387035733,0.13947265139309617,0.14317930662153533,0.0037066552284391596,time_diff_mean,3,gender_group;scale_type
413,0.014064446504718053,0.35701020600342515,0.3429457594987071,0.014058300144148994,0.35665797932909127,0.3425996791849423,time_diff_mean,4,age_group;panel;scale_type
414,0.06825510586880654,0.25280389520788354,0.184548789339077,0.06825086634370237,0.2526622615738665,0.18441139523016414,time_diff_mean,3,age_group;scale_type
415,0.013558489799116114,0.3196622421235926,0.3061037523244765,0.013549293505619397,0.31938993503701896,0.30584064153139956,time_diff_mean,3,panel;scale_type
416,0.13964738289041678,0.143018861123893,0.0033714782334762277,0.13963227655093557,0.14298276782935437,0.003350491278418799,time_diff_mean,2,scale_type
417,0.015969359498607727,0.4633139051845805,0.44734454568597276,0.01596914705445096,0.4629293866465186,0.44696023959206765,time_diff_mean,6,age_group;domain_name;gender_group;panel;sample_size
418,0.1039591921284358,0.37422201163512414,0.27026281950668835,0.10398104339106817,0.3739979168887009,0.2700168734976327,time_diff_mean,5,age_group;domain_name;gender_group;sample_size
419,0.013360551645265062,0.4340450549511163,0.4206845033058512,0.013355939577748277,0.43372309667889175,0.4203671571011435,time_diff_mean,5,domain_name;gender_group;panel;sample_size
420,0.16509595999925833,0.320646365926751,0.15555040592749267,0.16511294329582193,0.32050328085038604,0.1553903375545641,time_diff_mean,4,domain_name;gender_group;sample_size
421,0.015879623813181587,0.4632223757778242,0.4473427519646426,0.01587901267199776,0.4628491108250399,0.4469700981530421,time_diff_mean,5,age_group;domain_name;panel;sample_size
422,0.10476576368996854,0.37399764547312037,0.2692318817831518,0.10478567507550485,0.3737866615944435,0.26900098651893867,time_diff_mean,4,age_group;domain_name;sample_size
423,0.013451397704376478,0.4340224195250514,0.4205710218206749,0.013446551870110013,0.4337123797658211,0.4202658278957111,time_diff_mean,4,domain_name;panel;sample_size
424,0.1659321606414371,0.32057354534740284,0.15464138470596575,0.16594580614264431,0.3204447576875066,0.15449895154486226,time_diff_mean,3,domain_name;sample_size
425,0.01709993332708487,0.4632597854483652,0.44615985212128034,0.01710014582288044,0.4628865465095544,0.44578640068667397,time_diff_mean,5,age_group;domain_name;gender_group;panel
426,0.11294295961293604,0.37354918426337075,0.2606062246504347,0.11296544523545426,0.37333804923816083,0.26037260400270656,time_diff_mean,4,age_group;domain_name;gender_group
427,0.017386296787690214,0.43116170637043716,0.41377540958274694,0.017383463219495687,0.4308500995264878,0.4134666363069921,time_diff_mean,4,domain_name;gender_group;panel
428,0.17275768358205668,0.32053733168167364,0.14777964809961697,0.17277247834218856,0.3204085371573505,0.14763605881516195,time_diff_mean,3,domain_name;gender_group
429,0.017100479757618803,0.46319807158604387,0.44609759182842507,0.017100331225894272,0.4628361089312354,0.4457357777053411,time_diff_mean,4,age_group;domain_name;panel
430,0.1130686297255104,0.37343937080353046,0.26037074107802005,0.11308877089912472,0.37324140118989035,0.26015263029076563,time_diff_mean,3,age_group;domain_name
431,0.017388223695956162,0.4311085778951214,0.41372035419916525,0.017385023997293247,0.4308089342588366,0.41342391026154335,time_diff_mean,3,domain_name;panel
432,0.17293177598286075,0.3204299723444496,0.14749819636158884,0.17294295575423768,0.32031547264517524,0.14737251689093755,time_diff_mean,2,domain_name
433,0.013830934997540512,0.3572416849687381,0.3434107499711976,0.013824961509666167,0.3568760350908179,0.3430510735811517,time_diff_mean,5,age_group;gender_group;panel;sample_size
434,0.0646522356760649,0.25275603629749294,0.18810380062142804,0.06464874934020304,0.2525986521984802,0.18794990285827717,time_diff_mean,4,age_group;gender_group;sample_size
435,0.010336551785649906,0.322202421296597,0.3118658695109471,0.010326404562780667,0.3219168464672544,0.3115904419044737,time_diff_mean,4,gender_group;panel;sample_size
436,0.134969777140173,0.14020832329707802,0.00523854615690503,0.1349573546573658,0.14015400465516015,0.005196649997794345,time_diff_mean,3,gender_group;sample_size
437,0.013639589472066338,0.3570223902585486,0.34338280078648226,0.013633219589777701,0.3566701702586902,0.3430369506689125,time_diff_mean,4,age_group;panel;sample_size
438,0.0652584557635904,0.25248318796924923,0.18722473220565883,0.06525370458184743,0.252341493544054,0.18708778896220657,time_diff_mean,3,age_group;sample_size
439,0.010372287833215033,0.3222008474020996,0.31182855956888456,0.010361936897641755,0.3219295563993746,0.31156761950173284,time_diff_mean,3,panel;sample_size
440,0.13577970766777916,0.14008951427543043,0.004309806607651268,0.13576445819433902,0.1400532976062061,0.004288839411867085,time_diff_mean,2,sample_size
441,0.013992777978584447,0.35699005596197203,0.3429972779833876,0.013986593444363038,0.35663781824954377,0.34265122480518073,time_diff_mean,4,age_group;gender_group;panel
442,0.07075088259822063,0.2522118885973821,0.18146100599916146,0.0707470511120164,0.25207014274644235,0.18132309163442595,time_diff_mean,3,age_group;gender_group
443,0.013446001471013935,0.3194585169485025,0.3060125154774886,0.01343675823103141,0.31918612832035886,0.30574937008932745,time_diff_mean,3,gender_group;panel
444,0.13941897349283403,0.13982166255062373,4.026890577896906e-4,0.13940379501423084,0.13978543460034465,3.816395861138133e-4,time_diff_mean,2,gender_group
445,0.013990749224152499,0.35687000892950693,0.34287925970535443,0.013984266747466667,0.3565312627265581,0.34254699597909144,time_diff_mean,3,age_group;panel
446,0.07084464303230636,0.2520546006018589,0.18120995756955255,0.07083933241105345,0.2519285804423175,0.18108924803126403,time_diff_mean,2,age_group
447,0.013446176732667736,0.3193500687491505,0.30590389201648277,0.013436648526254258,0.31909198067932865,0.3056553321530744,time_diff_mean,2,panel
448,0.13961848327297166,0.13961848327297166,0,0.13960036540073595,0.13960036540073595,0,time_diff_mean,1,
